{
    "basket": [0.7656774193548387,
        0.7731612903225806,
        0.7682903225806451,
        0.7976774193548387,
        0.8105806451612904,
        0.7635161290322581],
    "zipCode": 2246,
    "totalAmount": 239.8136451612903
}